DONORNUMBER,ABO_BLOOD_GROUP,RHESUS_CODE,GRAFT_TYPE,AGE,CITY,COUNTRY,TIMESTEP_ENTERED,Genomic_HLA-A,Genomic_HLA-B,Genomic_HLA-C,Genomic_HLA-DRB1,Genomic_HLA-DQA1,Genomic_HLA-DQB1,Genomic_HLA-DPA1,Genomic_HLA-DPB1,Serologic_HLA-A,Serologic_HLA-B,Serologic_HLA-C,Serologic_HLA-DRB1,Serologic_HLA-DQA1,Serologic_HLA-DQB1,Serologic_HLA-DPA1,Serologic_HLA-DPB1,Calculated Bw4/BW6,Notes
D0000,O,POS,KD,60,Aarhus,Denmark,1,"['A*03', 'A*02']","['B*40', 'B*15']","['C*05', 'C*16']","['DRB1*04', 'DRB1*08']","['DQA1*02:01', 'DQA1*01:02']","['DQB1*05', 'DQB1*02']","['DPA1*01', 'DPA1*01']","['DPB1*04', 'DPB1*02']","['A3', 'A2']","['B40', 'B15']","['Cw5', 'Cw16']","['DR4', 'DR8']","['DQ2', 'DQ1']","['DQ1', 'DQ2']","['DP1', 'DP1']","['DP4', 'DP2']",Bw4/Bw6,
D0001,A,POS,KD,46,Helsinki,Finland,1,"['A*03', 'A*03']","['B*40', 'B*44']","['C*07', 'C*03']","['DRB1*01', 'DRB1*16']","['DQA1*05:01', 'DQA1*01:02']","['DQB1*03', 'DQB1*02']","['DPA1*01', 'DPA1*02:02']","['DPB1*04', 'DPB1*04']","['A3', 'A3']","['B40', 'B12']","['Cw7', 'Cw3']","['DR1', 'DR2']","['DQ1', 'DQ1']","['DQ3', 'DQ2']","['DP1', 'DP2']","['DP4', 'DP4']",Bw4/Bw6,
D0002,O,POS,KD,23,Copenhagen,Denmark,1,"['A*02', 'A*30']","['B*07', 'B*57']","['C*07', 'C*07']","['DRB1*15', 'DRB1*13']","['DQA1*05:01', 'DQA1*01:01']","['DQB1*03', 'DQB1*06']","['DPA1*01', 'DPA1*01']","['DPB1*02', 'DPB1*04']","['A2', 'A19']","['B7', 'B17']","['Cw7', 'Cw7']","['DR2', 'DR6']","['DQ1', 'DQ1']","['DQ3', 'DQ1']","['DP1', 'DP1']","['DP2', 'DP4']",Bw4/Bw4,
D0003,AB,POS,KD,48,Helsinki,Finland,1,"['A*03', 'A*01']","['B*35', 'B*07']","['C*17', 'C*03']","['DRB1*15', 'DRB1*13']","['DQA1*05:01', 'DQA1*05:01']","['DQB1*05', 'DQB1*06']","['DPA1*01', 'DPA1*01']","['DPB1*04', 'DPB1*01']","['A3', 'A1']","['B35', 'B7']","['Cw17', 'Cw3']","['DR2', 'DR6']","['DQ1', 'DQ1']","['DQ1', 'DQ1']","['DP1', 'DP1']","['DP4', 'DP1']",Bw6/Bw6,
D0004,A,NEG,KD,58,Aarhus,Denmark,1,"['A*11', 'A*03']","['B*35', 'B*27']","['C*15', 'C*06']","['DRB1*15', 'DRB1*04']","['DQA1*01:01', 'DQA1*01:03']","['DQB1*06', 'DQB1*06']","['DPA1*01', 'DPA1*01']","['DPB1*19', 'DPB1*04']","['A11', 'A3']","['B35', 'B27']","['Cw15', 'Cw6']","['DR2', 'DR4']","['DQ1', 'DQ1']","['DQ1', 'DQ1']","['DP1', 'DP1']","['DP19', 'DP4']",Bw4/Bw6,
D0005,A,POS,KD,51,Oslo,Norway,1,"['A*11', 'A*01']","['B*44', 'B*35']","['C*05', 'C*08']","['DRB1*01', 'DRB1*04']","['DQA1*05:01', 'DQA1*04:01']","['DQB1*06', 'DQB1*05']","['DPA1*01', 'DPA1*01']","['DPB1*04', 'DPB1*04']","['A11', 'A1']","['B12', 'B35']","['Cw5', 'Cw8']","['DR1', 'DR4']","['DQ1', 'DQ4']","['DQ1', 'DQ1']","['DP1', 'DP1']","['DP4', 'DP4']",Bw4/Bw6,
D0006,A,POS,KD,45,Tartu,Estonia,1,"['A*02', 'A*02']","['B*40', 'B*49']","['C*03', 'C*06']","['DRB1*03', 'DRB1*04']","['DQA1*01:01', 'DQA1*01:01']","['DQB1*03', 'DQB1*03']","['DPA1*01', 'DPA1*01']","['DPB1*01', 'DPB1*14']","['A2', 'A2']","['B40', 'B21']","['Cw3', 'Cw6']","['DR3', 'DR4']","['DQ1', 'DQ1']","['DQ3', 'DQ3']","['DP1', 'DP1']","['DP1', 'DP14']",Bw4/Bw6,
D0007,O,POS,KD,73,Oslo,Norway,1,"['A*02', 'A*02']","['B*44', 'B*51']","['C*03', 'C*03']","['DRB1*03', 'DRB1*13']","['DQA1*03:01', 'DQA1*05:01']","['DQB1*03', 'DQB1*03']","['DPA1*01', 'DPA1*01']","['DPB1*04', 'DPB1*04']","['A2', 'A2']","['B12', 'B5']","['Cw3', 'Cw3']","['DR3', 'DR6']","['DQ3', 'DQ1']","['DQ3', 'DQ3']","['DP1', 'DP1']","['DP4', 'DP4']",Bw4/Bw4,
D0008,A,POS,KD,36,Skane,Sweden,1,"['A*24', 'A*24']","['B*18', 'B*08']","['C*02', 'C*07']","['DRB1*04', 'DRB1*07']","['DQA1*01:01', 'DQA1*02:01']","['DQB1*03', 'DQB1*03']","['DPA1*01', 'DPA1*01']","['DPB1*04', 'DPB1*03']","['A9', 'A9']","['B18', 'B8']","['Cw2', 'Cw7']","['DR4', 'DR7']","['DQ1', 'DQ2']","['DQ3', 'DQ3']","['DP1', 'DP1']","['DP4', 'DP3']",Bw4/Bw4,
D0009,O,POS,KD,25,Stockholm,Sweden,1,"['A*03', 'A*03']","['B*07', 'B*27']","['C*04', 'C*04']","['DRB1*15', 'DRB1*15']","['DQA1*04:01', 'DQA1*01:01']","['DQB1*03', 'DQB1*03']","['DPA1*01', 'DPA1*01']","['DPB1*04', 'DPB1*04']","['A3', 'A3']","['B7', 'B27']","['Cw4', 'Cw4']","['DR2', 'DR2']","['DQ4', 'DQ1']","['DQ3', 'DQ3']","['DP1', 'DP1']","['DP4', 'DP4']",Bw4/Bw6,
D0010,A,POS,KD,24,Copenhagen,Denmark,1,"['A*32', 'A*66']","['B*35', 'B*44']","['C*16', 'C*04']","['DRB1*11', 'DRB1*07']","['DQA1*01:02', 'DQA1*01:01']","['DQB1*06', 'DQB1*02']","['DPA1*02:02', 'DPA1*02:02']","['DPB1*05', 'DPB1*14']","['A19', 'A10']","['B35', 'B12']","['Cw16', 'Cw4']","['DR5', 'DR7']","['DQ1', 'DQ1']","['DQ1', 'DQ2']","['DP2', 'DP2']","['DP5', 'DP14']",Bw6/Bw6,
D0011,O,POS,KD,18,Oslo,Norway,1,"['A*24', 'A*01']","['B*52', 'B*27']","['C*07', 'C*02']","['DRB1*13', 'DRB1*13']","['DQA1*03:01', 'DQA1*04:01']","['DQB1*03', 'DQB1*02']","['DPA1*01', 'DPA1*01']","['DPB1*10', 'DPB1*03']","['A9', 'A1']","['B5', 'B27']","['Cw7', 'Cw2']","['DR6', 'DR6']","['DQ3', 'DQ4']","['DQ3', 'DQ2']","['DP1', 'DP1']","['DP10', 'DP3']",Bw6/Bw6,
D0012,B,NEG,KD,29,Oslo,Norway,1,"['A*32', 'A*11']","['B*35', 'B*44']","['C*07', 'C*03']","['DRB1*15', 'DRB1*04']","['DQA1*05:01', 'DQA1*04:01']","['DQB1*05', 'DQB1*06']","['DPA1*01', 'DPA1*01']","['DPB1*04', 'DPB1*04']","['A19', 'A11']","['B35', 'B12']","['Cw7', 'Cw3']","['DR2', 'DR4']","['DQ1', 'DQ4']","['DQ1', 'DQ1']","['DP1', 'DP1']","['DP4', 'DP4']",Bw4/Bw4,
D0013,O,POS,KD,54,Uppsala,Sweden,1,"['A*02', 'A*32']","['B*44', 'B*07']","['C*12', 'C*07']","['DRB1*01', 'DRB1*01']","['DQA1*01:02', 'DQA1*03:01']","['DQB1*05', 'DQB1*06']","['DPA1*01', 'DPA1*01']","['DPB1*05', 'DPB1*04']","['A2', 'A19']","['B12', 'B7']","['Cw12', 'Cw7']","['DR1', 'DR1']","['DQ1', 'DQ3']","['DQ1', 'DQ1']","['DP1', 'DP1']","['DP5', 'DP4']",Bw4/Bw4,
D0014,A,POS,KD,64,Copenhagen,Denmark,1,"['A*68', 'A*01']","['B*45', 'B*44']","['C*07', 'C*07']","['DRB1*08', 'DRB1*09']","['DQA1*05:01', 'DQA1*03:01']","['DQB1*06', 'DQB1*06']","['DPA1*01', 'DPA1*01']","['DPB1*05', 'DPB1*04']","['A28', 'A1']","['B12', 'B12']","['Cw7', 'Cw7']","['DR8', 'DR9']","['DQ1', 'DQ3']","['DQ1', 'DQ1']","['DP1', 'DP1']","['DP5', 'DP4']",Bw4/Bw4,
D0015,O,POS,KD,62,Oslo,Norway,1,"['A*25', 'A*30']","['B*08', 'B*44']","['C*07', 'C*03']","['DRB1*15', 'DRB1*04']","['DQA1*02:01', 'DQA1*01:02']","['DQB1*02', 'DQB1*06']","['DPA1*01', 'DPA1*01']","['DPB1*03', 'DPB1*04']","['A10', 'A19']","['B8', 'B12']","['Cw7', 'Cw3']","['DR2', 'DR4']","['DQ2', 'DQ1']","['DQ2', 'DQ1']","['DP1', 'DP1']","['DP3', 'DP4']",Bw6/Bw6,
D0016,A,POS,KD,75,Oslo,Norway,1,"['A*32', 'A*11']","['B*40', 'B*40']","['C*07', 'C*03']","['DRB1*04', 'DRB1*15']","['DQA1*01:02', 'DQA1*03:01']","['DQB1*03', 'DQB1*04']","['DPA1*01', 'DPA1*01']","['DPB1*02', 'DPB1*01']","['A19', 'A11']","['B40', 'B40']","['Cw7', 'Cw3']","['DR4', 'DR2']","['DQ1', 'DQ3']","['DQ3', 'DQ4']","['DP1', 'DP1']","['DP2', 'DP1']",Bw4/Bw6,
D0017,O,NEG,KD,24,Aarhus,Denmark,1,"['A*01', 'A*66']","['B*49', 'B*07']","['C*02', 'C*05']","['DRB1*04', 'DRB1*13']","['DQA1*01:02', 'DQA1*05:01']","['DQB1*02', 'DQB1*02']","['DPA1*01', 'DPA1*01']","['DPB1*03', 'DPB1*04']","['A1', 'A10']","['B21', 'B7']","['Cw2', 'Cw5']","['DR4', 'DR6']","['DQ1', 'DQ1']","['DQ2', 'DQ2']","['DP1', 'DP1']","['DP3', 'DP4']",Bw4/Bw4,
D0018,B,POS,KD,61,Gothenburg,Sweden,1,"['A*02', 'A*32']","['B*07', 'B*27']","['C*01', 'C*16']","['DRB1*15', 'DRB1*13']","['DQA1*01:03', 'DQA1*02:01']","['DQB1*05', 'DQB1*05']","['DPA1*01', 'DPA1*01']","['DPB1*04', 'DPB1*19']","['A2', 'A19']","['B7', 'B27']","['Cw1', 'Cw16']","['DR2', 'DR6']","['DQ1', 'DQ2']","['DQ1', 'DQ1']","['DP1', 'DP1']","['DP4', 'DP19']",Bw4/Bw4,
D0019,A,POS,KD,41,Stockholm,Sweden,1,"['A*11', 'A*02']","['B*44', 'B*44']","['C*03', 'C*05']","['DRB1*01', 'DRB1*04']","['DQA1*03:01', 'DQA1*01:03']","['DQB1*03', 'DQB1*05']","['DPA1*01', 'DPA1*01']","['DPB1*05', 'DPB1*04']","['A11', 'A2']","['B12', 'B12']","['Cw3', 'Cw5']","['DR1', 'DR4']","['DQ3', 'DQ1']","['DQ3', 'DQ1']","['DP1', 'DP1']","['DP5', 'DP4']",Bw4/Bw4,
D0020,A,POS,KD,52,Skane,Sweden,1,"['A*03', 'A*02']","['B*35', 'B*07']","['C*07', 'C*05']","['DRB1*14', 'DRB1*15']","['DQA1*01:01', 'DQA1*01:03']","['DQB1*06', 'DQB1*05']","['DPA1*02:02', 'DPA1*01']","['DPB1*02', 'DPB1*04']","['A3', 'A2']","['B35', 'B7']","['Cw7', 'Cw5']","['DR6', 'DR2']","['DQ1', 'DQ1']","['DQ1', 'DQ1']","['DP2', 'DP1']","['DP2', 'DP4']",Bw6/Bw6,
D0021,A,POS,KD,62,Helsinki,Finland,1,"['A*02', 'A*02']","['B*08', 'B*08']","['C*07', 'C*05']","['DRB1*13', 'DRB1*13']","['DQA1*01:02', 'DQA1*01:03']","['DQB1*06', 'DQB1*02']","['DPA1*01', 'DPA1*01']","['DPB1*04', 'DPB1*04']","['A2', 'A2']","['B8', 'B8']","['Cw7', 'Cw5']","['DR6', 'DR6']","['DQ1', 'DQ1']","['DQ1', 'DQ2']","['DP1', 'DP1']","['DP4', 'DP4']",Bw6/Bw6,
D0022,AB,POS,KD,26,Helsinki,Finland,1,"['A*03', 'A*68']","['B*07', 'B*40']","['C*04', 'C*07']","['DRB1*15', 'DRB1*14']","['DQA1*01:02', 'DQA1*01:02']","['DQB1*03', 'DQB1*06']","['DPA1*01', 'DPA1*01']","['DPB1*02', 'DPB1*03']","['A3', 'A28']","['B7', 'B40']","['Cw4', 'Cw7']","['DR2', 'DR6']","['DQ1', 'DQ1']","['DQ3', 'DQ1']","['DP1', 'DP1']","['DP2', 'DP3']",Bw6/Bw6,
D0023,O,POS,KD,35,Skane,Sweden,1,"['A*01', 'A*01']","['B*15', 'B*08']","['C*07', 'C*07']","['DRB1*13', 'DRB1*04']","['DQA1*01:02', 'DQA1*05:01']","['DQB1*05', 'DQB1*06']","['DPA1*01', 'DPA1*01']","['DPB1*04', 'DPB1*06']","['A1', 'A1']","['B15', 'B8']","['Cw7', 'Cw7']","['DR6', 'DR4']","['DQ1', 'DQ1']","['DQ1', 'DQ1']","['DP1', 'DP1']","['DP4', 'DP6']",Bw4/Bw6,
D0024,A,POS,KD,21,Gothenburg,Sweden,1,"['A*03', 'A*24']","['B*18', 'B*15']","['C*12', 'C*07']","['DRB1*01', 'DRB1*08']","['DQA1*05:01', 'DQA1*01:01']","['DQB1*02', 'DQB1*02']","['DPA1*01', 'DPA1*01']","['DPB1*11', 'DPB1*11']","['A3', 'A9']","['B18', 'B15']","['Cw12', 'Cw7']","['DR1', 'DR8']","['DQ1', 'DQ1']","['DQ2', 'DQ2']","['DP1', 'DP1']","['DP11', 'DP11']",Bw4/Bw4,
D0025,O,POS,KD,85,Odense,Denmark,1,"['A*24', 'A*02']","['B*57', 'B*57']","['C*05', 'C*05']","['DRB1*07', 'DRB1*15']","['DQA1*05:01', 'DQA1*01:03']","['DQB1*02', 'DQB1*04']","['DPA1*01', 'DPA1*01']","['DPB1*04', 'DPB1*04']","['A9', 'A2']","['B17', 'B17']","['Cw5', 'Cw5']","['DR7', 'DR2']","['DQ1', 'DQ1']","['DQ2', 'DQ4']","['DP1', 'DP1']","['DP4', 'DP4']",Bw6/Bw6,
D0026,AB,NEG,KD,83,Uppsala,Sweden,1,"['A*02', 'A*24']","['B*40', 'B*27']","['C*07', 'C*03']","['DRB1*11', 'DRB1*15']","['DQA1*01:02', 'DQA1*03:01']","['DQB1*03', 'DQB1*03']","['DPA1*01', 'DPA1*01']","['DPB1*03', 'DPB1*19']","['A2', 'A9']","['B40', 'B27']","['Cw7', 'Cw3']","['DR5', 'DR2']","['DQ1', 'DQ3']","['DQ3', 'DQ3']","['DP1', 'DP1']","['DP3', 'DP19']",Bw4/Bw4,
D0027,O,POS,KD,36,Gothenburg,Sweden,1,"['A*03', 'A*25']","['B*40', 'B*15']","['C*07', 'C*08']","['DRB1*03', 'DRB1*11']","['DQA1*01:02', 'DQA1*01:02']","['DQB1*06', 'DQB1*05']","['DPA1*01', 'DPA1*01']","['DPB1*04', 'DPB1*04']","['A3', 'A10']","['B40', 'B15']","['Cw7', 'Cw8']","['DR3', 'DR5']","['DQ1', 'DQ1']","['DQ1', 'DQ1']","['DP1', 'DP1']","['DP4', 'DP4']",Bw4/Bw4,
D0028,O,POS,KD,78,Uppsala,Sweden,1,"['A*01', 'A*03']","['B*50', 'B*35']","['C*05', 'C*16']","['DRB1*15', 'DRB1*04']","['DQA1*03:01', 'DQA1*05:01']","['DQB1*06', 'DQB1*03']","['DPA1*01', 'DPA1*01']","['DPB1*04', 'DPB1*04']","['A1', 'A3']","['B21', 'B35']","['Cw5', 'Cw16']","['DR2', 'DR4']","['DQ3', 'DQ1']","['DQ1', 'DQ3']","['DP1', 'DP1']","['DP4', 'DP4']",Bw4/Bw6,
D0029,A,POS,KD,43,Skane,Sweden,1,"['A*68', 'A*02']","['B*15', 'B*44']","['C*16', 'C*07']","['DRB1*01', 'DRB1*08']","['DQA1*01:02', 'DQA1*01:02']","['DQB1*05', 'DQB1*03']","['DPA1*01', 'DPA1*01']","['DPB1*03', 'DPB1*04']","['A28', 'A2']","['B15', 'B12']","['Cw16', 'Cw7']","['DR1', 'DR8']","['DQ1', 'DQ1']","['DQ1', 'DQ3']","['DP1', 'DP1']","['DP3', 'DP4']",Bw4/Bw4,
D0030,A,POS,KD,58,Stockholm,Sweden,1,"['A*33', 'A*02']","['B*07', 'B*27']","['C*07', 'C*03']","['DRB1*03', 'DRB1*15']","['DQA1*03:01', 'DQA1*03:01']","['DQB1*03', 'DQB1*06']","['DPA1*01', 'DPA1*01']","['DPB1*04', 'DPB1*03']","['A19', 'A2']","['B7', 'B27']","['Cw7', 'Cw3']","['DR3', 'DR2']","['DQ3', 'DQ3']","['DQ3', 'DQ1']","['DP1', 'DP1']","['DP4', 'DP3']",Bw4/Bw4,
D0031,B,POS,KD,22,Skane,Sweden,1,"['A*29', 'A*02']","['B*07', 'B*14']","['C*06', 'C*08']","['DRB1*13', 'DRB1*13']","['DQA1*03:01', 'DQA1*03:01']","['DQB1*03', 'DQB1*03']","['DPA1*01', 'DPA1*01']","['DPB1*13', 'DPB1*02']","['A19', 'A2']","['B7', 'B14']","['Cw6', 'Cw8']","['DR6', 'DR6']","['DQ3', 'DQ3']","['DQ3', 'DQ3']","['DP1', 'DP1']","['DP13', 'DP2']",Bw4/Bw6,
D0032,O,POS,KD,40,Helsinki,Finland,1,"['A*26', 'A*24']","['B*44', 'B*44']","['C*07', 'C*07']","['DRB1*01', 'DRB1*12']","['DQA1*03:01', 'DQA1*04:01']","['DQB1*03', 'DQB1*03']","['DPA1*01', 'DPA1*01']","['DPB1*04', 'DPB1*04']","['A10', 'A9']","['B12', 'B12']","['Cw7', 'Cw7']","['DR1', 'DR5']","['DQ3', 'DQ4']","['DQ3', 'DQ3']","['DP1', 'DP1']","['DP4', 'DP4']",Bw6/Bw6,
D0033,B,POS,KD,59,Odense,Denmark,1,"['A*03', 'A*01']","['B*49', 'B*45']","['C*01', 'C*04']","['DRB1*12', 'DRB1*15']","['DQA1*01:01', 'DQA1*01:01']","['DQB1*05', 'DQB1*06']","['DPA1*01', 'DPA1*01']","['DPB1*01', 'DPB1*05']","['A3', 'A1']","['B21', 'B12']","['Cw1', 'Cw4']","['DR5', 'DR2']","['DQ1', 'DQ1']","['DQ1', 'DQ1']","['DP1', 'DP1']","['DP1', 'DP5']",Bw4/Bw4,
D0034,A,NEG,KD,32,Oslo,Norway,1,"['A*02', 'A*25']","['B*08', 'B*08']","['C*07', 'C*02']","['DRB1*13', 'DRB1*09']","['DQA1*03:01', 'DQA1*01:03']","['DQB1*06', 'DQB1*02']","['DPA1*01', 'DPA1*01']","['DPB1*04', 'DPB1*04']","['A2', 'A10']","['B8', 'B8']","['Cw7', 'Cw2']","['DR6', 'DR9']","['DQ3', 'DQ1']","['DQ1', 'DQ2']","['DP1', 'DP1']","['DP4', 'DP4']",Bw4/Bw6,
D0035,B,POS,KD,62,Stockholm,Sweden,1,"['A*03', 'A*03']","['B*15', 'B*08']","['C*05', 'C*07']","['DRB1*07', 'DRB1*13']","['DQA1*01:02', 'DQA1*01:01']","['DQB1*03', 'DQB1*03']","['DPA1*01', 'DPA1*01']","['DPB1*14', 'DPB1*04']","['A3', 'A3']","['B15', 'B8']","['Cw5', 'Cw7']","['DR7', 'DR6']","['DQ1', 'DQ1']","['DQ3', 'DQ3']","['DP1', 'DP1']","['DP14', 'DP4']",Bw4/Bw6,
D0036,AB,NEG,KD,28,Aarhus,Denmark,1,"['A*31', 'A*03']","['B*15', 'B*15']","['C*02', 'C*07']","['DRB1*03', 'DRB1*04']","['DQA1*01:03', 'DQA1*01:01']","['DQB1*03', 'DQB1*06']","['DPA1*01', 'DPA1*01']","['DPB1*04', 'DPB1*03']","['A19', 'A3']","['B15', 'B15']","['Cw2', 'Cw7']","['DR3', 'DR4']","['DQ1', 'DQ1']","['DQ3', 'DQ1']","['DP1', 'DP1']","['DP4', 'DP3']",Bw6/Bw6,
D0037,A,POS,KD,55,Copenhagen,Denmark,1,"['A*01', 'A*68']","['B*40', 'B*44']","['C*07', 'C*07']","['DRB1*11', 'DRB1*07']","['DQA1*01:02', 'DQA1*01:02']","['DQB1*03', 'DQB1*02']","['DPA1*01', 'DPA1*01']","['DPB1*02', 'DPB1*02']","['A1', 'A28']","['B40', 'B12']","['Cw7', 'Cw7']","['DR5', 'DR7']","['DQ1', 'DQ1']","['DQ3', 'DQ2']","['DP1', 'DP1']","['DP2', 'DP2']",Bw4/Bw6,
D0038,O,POS,KD,58,Copenhagen,Denmark,1,"['A*02', 'A*02']","['B*08', 'B*35']","['C*07', 'C*03']","['DRB1*03', 'DRB1*01']","['DQA1*05:01', 'DQA1*03:01']","['DQB1*02', 'DQB1*06']","['DPA1*01', 'DPA1*01']","['DPB1*04', 'DPB1*02']","['A2', 'A2']","['B8', 'B35']","['Cw7', 'Cw3']","['DR3', 'DR1']","['DQ1', 'DQ3']","['DQ2', 'DQ1']","['DP1', 'DP1']","['DP4', 'DP2']",Bw6/Bw6,
D0039,O,POS,KD,49,Oslo,Norway,1,"['A*68', 'A*31']","['B*15', 'B*44']","['C*04', 'C*12']","['DRB1*08', 'DRB1*01']","['DQA1*01:01', 'DQA1*01:02']","['DQB1*02', 'DQB1*02']","['DPA1*01', 'DPA1*01']","['DPB1*03', 'DPB1*04']","['A28', 'A19']","['B15', 'B12']","['Cw4', 'Cw12']","['DR8', 'DR1']","['DQ1', 'DQ1']","['DQ2', 'DQ2']","['DP1', 'DP1']","['DP3', 'DP4']",Bw6/Bw6,
D0040,AB,POS,KD,30,Oslo,Norway,1,"['A*02', 'A*26']","['B*07', 'B*07']","['C*06', 'C*15']","['DRB1*04', 'DRB1*04']","['DQA1*01:03', 'DQA1*03:01']","['DQB1*06', 'DQB1*02']","['DPA1*01', 'DPA1*01']","['DPB1*04', 'DPB1*04']","['A2', 'A10']","['B7', 'B7']","['Cw6', 'Cw15']","['DR4', 'DR4']","['DQ1', 'DQ3']","['DQ1', 'DQ2']","['DP1', 'DP1']","['DP4', 'DP4']",Bw4/Bw6,
D0041,O,POS,KD,53,Copenhagen,Denmark,1,"['A*02', 'A*24']","['B*07', 'B*07']","['C*03', 'C*04']","['DRB1*03', 'DRB1*04']","['DQA1*01:02', 'DQA1*02:01']","['DQB1*06', 'DQB1*05']","['DPA1*01', 'DPA1*01']","['DPB1*04', 'DPB1*04']","['A2', 'A9']","['B7', 'B7']","['Cw3', 'Cw4']","['DR3', 'DR4']","['DQ1', 'DQ2']","['DQ1', 'DQ1']","['DP1', 'DP1']","['DP4', 'DP4']",Bw4/Bw6,
D0042,AB,POS,KD,71,Stockholm,Sweden,1,"['A*02', 'A*11']","['B*14', 'B*08']","['C*12', 'C*12']","['DRB1*03', 'DRB1*04']","['DQA1*04:01', 'DQA1*03:01']","['DQB1*05', 'DQB1*03']","['DPA1*01', 'DPA1*01']","['DPB1*03', 'DPB1*01']","['A2', 'A11']","['B14', 'B8']","['Cw12', 'Cw12']","['DR3', 'DR4']","['DQ4', 'DQ3']","['DQ1', 'DQ3']","['DP1', 'DP1']","['DP3', 'DP1']",Bw6/Bw6,
D0043,A,POS,KD,57,Gothenburg,Sweden,1,"['A*01', 'A*68']","['B*44', 'B*14']","['C*07', 'C*07']","['DRB1*13', 'DRB1*04']","['DQA1*05:01', 'DQA1*02:01']","['DQB1*02', 'DQB1*03']","['DPA1*01', 'DPA1*01']","['DPB1*01', 'DPB1*04']","['A1', 'A28']","['B12', 'B14']","['Cw7', 'Cw7']","['DR6', 'DR4']","['DQ1', 'DQ2']","['DQ2', 'DQ3']","['DP1', 'DP1']","['DP1', 'DP4']",Bw4/Bw6,
D0044,A,NEG,KD,39,Tartu,Estonia,1,"['A*26', 'A*25']","['B*15', 'B*57']","['C*07', 'C*02']","['DRB1*01', 'DRB1*03']","['DQA1*01:02', 'DQA1*01:01']","['DQB1*04', 'DQB1*03']","['DPA1*01', 'DPA1*02:02']","['DPB1*02', 'DPB1*04']","['A10', 'A10']","['B15', 'B17']","['Cw7', 'Cw2']","['DR1', 'DR3']","['DQ1', 'DQ1']","['DQ4', 'DQ3']","['DP1', 'DP2']","['DP2', 'DP4']",Bw6/Bw6,
D0045,A,NEG,KD,61,Aarhus,Denmark,1,"['A*32', 'A*33']","['B*07', 'B*08']","['C*07', 'C*04']","['DRB1*15', 'DRB1*01']","['DQA1*01:02', 'DQA1*01:02']","['DQB1*06', 'DQB1*06']","['DPA1*01', 'DPA1*01']","['DPB1*04', 'DPB1*04']","['A19', 'A19']","['B7', 'B8']","['Cw7', 'Cw4']","['DR2', 'DR1']","['DQ1', 'DQ1']","['DQ1', 'DQ1']","['DP1', 'DP1']","['DP4', 'DP4']",Bw4/Bw4,
D0046,O,NEG,KD,88,Reykjavik,Iceland,1,"['A*02', 'A*23']","['B*44', 'B*14']","['C*04', 'C*07']","['DRB1*13', 'DRB1*07']","['DQA1*02:01', 'DQA1*03:01']","['DQB1*02', 'DQB1*02']","['DPA1*01', 'DPA1*02:02']","['DPB1*02', 'DPB1*01']","['A2', 'A9']","['B12', 'B14']","['Cw4', 'Cw7']","['DR6', 'DR7']","['DQ2', 'DQ3']","['DQ2', 'DQ2']","['DP1', 'DP2']","['DP2', 'DP1']",Bw4/Bw4,
D0047,A,POS,KD,63,Copenhagen,Denmark,1,"['A*02', 'A*24']","['B*40', 'B*44']","['C*06', 'C*07']","['DRB1*03', 'DRB1*04']","['DQA1*03:01', 'DQA1*01:02']","['DQB1*06', 'DQB1*02']","['DPA1*02:02', 'DPA1*02:02']","['DPB1*04', 'DPB1*04']","['A2', 'A9']","['B40', 'B12']","['Cw6', 'Cw7']","['DR3', 'DR4']","['DQ3', 'DQ1']","['DQ1', 'DQ2']","['DP2', 'DP2']","['DP4', 'DP4']",Bw4/Bw4,
D0048,O,POS,KD,35,Oslo,Norway,1,"['A*02', 'A*02']","['B*07', 'B*44']","['C*07', 'C*04']","['DRB1*01', 'DRB1*07']","['DQA1*03:01', 'DQA1*05:01']","['DQB1*04', 'DQB1*05']","['DPA1*01', 'DPA1*01']","['DPB1*04', 'DPB1*04']","['A2', 'A2']","['B7', 'B12']","['Cw7', 'Cw4']","['DR1', 'DR7']","['DQ3', 'DQ1']","['DQ4', 'DQ1']","['DP1', 'DP1']","['DP4', 'DP4']",Bw4/Bw6,
D0049,A,NEG,KD,55,Helsinki,Finland,1,"['A*11', 'A*02']","['B*15', 'B*08']","['C*04', 'C*03']","['DRB1*13', 'DRB1*01']","['DQA1*03:01', 'DQA1*03:01']","['DQB1*02', 'DQB1*03']","['DPA1*01', 'DPA1*01']","['DPB1*04', 'DPB1*03']","['A11', 'A2']","['B15', 'B8']","['Cw4', 'Cw3']","['DR6', 'DR1']","['DQ3', 'DQ3']","['DQ2', 'DQ3']","['DP1', 'DP1']","['DP4', 'DP3']",Bw4/Bw6,
