RECIPIENTNUMBER,ABO_BLOOD_GROUP,RHESUS_CODE,ORGAN,AGE,CITY,COUNTRY,TIMESTEP_ENTERED,Genomic_HLA-A,Genomic_HLA-B,Genomic_HLA-C,Genomic_HLA-DRB1,Genomic_HLA-DQA1,Genomic_HLA-DQB1,Genomic_HLA-DPA1,Genomic_HLA-DPB1,Serologic_HLA-A,Serologic_HLA-B,Serologic_HLA-C,Serologic_HLA-DRB1,Serologic_HLA-DQA1,Serologic_HLA-DQB1,Serologic_HLA-DPA1,Serologic_HLA-DPB1,Calculated Bw4/BW6,HLA_antibodies,cPRA,TS,Notes,DRB1_mismatches,AB_mismatches
R0000,A,POS,Kidney,50,Helsinki,Finland,0,"['A*24', 'A*03']","['B*40', 'B*44']","['C*07', 'C*06']","['DRB1*15', 'DRB1*03']","['DQA1*03:01', 'DQA1*01:02']","['DQB1*05', 'DQB1*03']","['DPA1*01', 'DPA1*02:02']","['DPB1*02', 'DPB1*04']","['A9', 'A3']","['B40', 'B12']","['Cw7', 'Cw6']","['DR2', 'DR3']","['DQ3', 'DQ1']","['DQ1', 'DQ3']","['DP1', 'DP2']","['DP2', 'DP4']",Bw4/Bw4,[],0.0,0.85,,,
R0001,O,POS,Kidney,72,Oslo,Norway,0,"['A*01', 'A*02']","['B*40', 'B*44']","['C*04', 'C*07']","['DRB1*07', 'DRB1*03']","['DQA1*01:01', 'DQA1*04:01']","['DQB1*02', 'DQB1*05']","['DPA1*01', 'DPA1*01']","['DPB1*02', 'DPB1*03']","['A1', 'A2']","['B40', 'B12']","['Cw4', 'Cw7']","['DR7', 'DR3']","['DQ1', 'DQ4']","['DQ2', 'DQ1']","['DP1', 'DP1']","['DP2', 'DP3']",Bw4/Bw6,[],0.0,0.41,,,
R0002,O,POS,Kidney,64,Helsinki,Finland,0,"['A*03', 'A*02']","['B*07', 'B*35']","['C*16', 'C*15']","['DRB1*13', 'DRB1*15']","['DQA1*02:01', 'DQA1*05:01']","['DQB1*02', 'DQB1*02']","['DPA1*01', 'DPA1*01']","['DPB1*11', 'DPB1*05']","['A3', 'A2']","['B7', 'B35']","['Cw16', 'Cw15']","['DR6', 'DR2']","['DQ2', 'DQ1']","['DQ2', 'DQ2']","['DP1', 'DP1']","['DP11', 'DP5']",Bw6/Bw6,[],0.0,0.41,,,
R0003,O,NEG,Kidney,88,Oslo,Norway,0,"['A*24', 'A*01']","['B*08', 'B*07']","['C*06', 'C*06']","['DRB1*04', 'DRB1*04']","['DQA1*05:01', 'DQA1*01:02']","['DQB1*05', 'DQB1*05']","['DPA1*01', 'DPA1*01']","['DPB1*03', 'DPB1*11']","['A9', 'A1']","['B8', 'B7']","['Cw6', 'Cw6']","['DR4', 'DR4']","['DQ1', 'DQ1']","['DQ1', 'DQ1']","['DP1', 'DP1']","['DP3', 'DP11']",Bw4/Bw6,[],0.0,0.41,,,
R0004,O,POS,Kidney,88,Uppsala,Sweden,0,"['A*02', 'A*01']","['B*35', 'B*07']","['C*06', 'C*07']","['DRB1*13', 'DRB1*12']","['DQA1*01:02', 'DQA1*01:02']","['DQB1*06', 'DQB1*03']","['DPA1*01', 'DPA1*01']","['DPB1*04', 'DPB1*04']","['A2', 'A1']","['B35', 'B7']","['Cw6', 'Cw7']","['DR6', 'DR5']","['DQ1', 'DQ1']","['DQ1', 'DQ3']","['DP1', 'DP1']","['DP4', 'DP4']",Bw6/Bw6,"['B*07', 'A*74', 'DPB1*35', 'DQA1*06:01', 'DPB1*02', 'B*37', 'DRB1*07', 'DPB1*15', 'DPB1*10']",0.3999,0.246041,,,
R0005,A,POS,Kidney,88,Helsinki,Finland,0,"['A*32', 'A*68']","['B*51', 'B*44']","['C*07', 'C*02']","['DRB1*15', 'DRB1*04']","['DQA1*05:01', 'DQA1*01:03']","['DQB1*06', 'DQB1*04']","['DPA1*02:02', 'DPA1*02:02']","['DPB1*04', 'DPB1*04']","['A19', 'A28']","['B5', 'B12']","['Cw7', 'Cw2']","['DR2', 'DR4']","['DQ1', 'DQ1']","['DQ1', 'DQ4']","['DP2', 'DP2']","['DP4', 'DP4']",Bw6/Bw6,[],0.0,0.85,,,
R0006,A,POS,Kidney,30,Oslo,Norway,0,"['A*68', 'A*68']","['B*18', 'B*40']","['C*03', 'C*07']","['DRB1*08', 'DRB1*11']","['DQA1*05:01', 'DQA1*05:01']","['DQB1*06', 'DQB1*03']","['DPA1*01', 'DPA1*01']","['DPB1*03', 'DPB1*06']","['A28', 'A28']","['B18', 'B40']","['Cw3', 'Cw7']","['DR8', 'DR5']","['DQ1', 'DQ1']","['DQ1', 'DQ3']","['DP1', 'DP1']","['DP3', 'DP6']",Bw6/Bw6,[],0.0,0.85,,,
R0007,B,POS,Kidney,82,Skane,Sweden,0,"['A*03', 'A*02']","['B*08', 'B*44']","['C*04', 'C*07']","['DRB1*08', 'DRB1*13']","['DQA1*03:01', 'DQA1*01:01']","['DQB1*03', 'DQB1*02']","['DPA1*01', 'DPA1*02:02']","['DPB1*04', 'DPB1*01']","['A3', 'A2']","['B8', 'B12']","['Cw4', 'Cw7']","['DR8', 'DR6']","['DQ3', 'DQ1']","['DQ3', 'DQ2']","['DP1', 'DP2']","['DP4', 'DP1']",Bw4/Bw6,[],0.0,0.52,,,
R0008,A,POS,Kidney,33,Oslo,Norway,0,"['A*02', 'A*66']","['B*15', 'B*15']","['C*16', 'C*03']","['DRB1*04', 'DRB1*15']","['DQA1*01:02', 'DQA1*01:02']","['DQB1*02', 'DQB1*03']","['DPA1*01', 'DPA1*01']","['DPB1*04', 'DPB1*04']","['A2', 'A10']","['B15', 'B15']","['Cw16', 'Cw3']","['DR4', 'DR2']","['DQ1', 'DQ1']","['DQ2', 'DQ3']","['DP1', 'DP1']","['DP4', 'DP4']",Bw6/Bw6,[],0.0,0.85,,,
R0009,B,POS,Kidney,78,Oslo,Norway,0,"['A*02', 'A*01']","['B*15', 'B*08']","['C*03', 'C*05']","['DRB1*14', 'DRB1*04']","['DQA1*05:01', 'DQA1*01:01']","['DQB1*06', 'DQB1*02']","['DPA1*01', 'DPA1*01']","['DPB1*04', 'DPB1*02']","['A2', 'A1']","['B15', 'B8']","['Cw3', 'Cw5']","['DR6', 'DR4']","['DQ1', 'DQ1']","['DQ1', 'DQ2']","['DP1', 'DP1']","['DP4', 'DP2']",Bw4/Bw6,[],0.0,0.52,,,
R0010,B,NEG,Kidney,70,Gothenburg,Sweden,0,"['A*01', 'A*31']","['B*35', 'B*27']","['C*06', 'C*07']","['DRB1*15', 'DRB1*04']","['DQA1*01:01', 'DQA1*02:01']","['DQB1*05', 'DQB1*06']","['DPA1*01', 'DPA1*02:02']","['DPB1*01', 'DPB1*02']","['A1', 'A19']","['B35', 'B27']","['Cw6', 'Cw7']","['DR2', 'DR4']","['DQ1', 'DQ2']","['DQ1', 'DQ1']","['DP1', 'DP2']","['DP1', 'DP2']",Bw4/Bw4,[],0.0,0.52,,,
R0011,O,POS,Kidney,55,Copenhagen,Denmark,0,"['A*32', 'A*03']","['B*15', 'B*07']","['C*06', 'C*07']","['DRB1*03', 'DRB1*07']","['DQA1*03:01', 'DQA1*05:01']","['DQB1*03', 'DQB1*03']","['DPA1*01', 'DPA1*01']","['DPB1*04', 'DPB1*04']","['A19', 'A3']","['B15', 'B7']","['Cw6', 'Cw7']","['DR3', 'DR7']","['DQ3', 'DQ1']","['DQ3', 'DQ3']","['DP1', 'DP1']","['DP4', 'DP4']",Bw4/Bw4,"['DRB1*16', 'B*52', 'A*23', 'C*18', 'C*12', 'DPB1*14']",0.061,0.38499,,,
R0012,A,NEG,Kidney,83,Gothenburg,Sweden,0,"['A*03', 'A*01']","['B*35', 'B*57']","['C*02', 'C*03']","['DRB1*15', 'DRB1*03']","['DQA1*05:01', 'DQA1*02:01']","['DQB1*06', 'DQB1*03']","['DPA1*01', 'DPA1*02:02']","['DPB1*04', 'DPB1*04']","['A3', 'A1']","['B35', 'B17']","['Cw2', 'Cw3']","['DR2', 'DR3']","['DQ1', 'DQ2']","['DQ1', 'DQ3']","['DP1', 'DP2']","['DP4', 'DP4']",Bw4/Bw6,[],0.0,0.85,,,
R0013,O,POS,Kidney,72,Gothenburg,Sweden,0,"['A*01', 'A*03']","['B*13', 'B*51']","['C*07', 'C*03']","['DRB1*13', 'DRB1*03']","['DQA1*01:02', 'DQA1*01:02']","['DQB1*05', 'DQB1*02']","['DPA1*02:02', 'DPA1*01']","['DPB1*02', 'DPB1*01']","['A1', 'A3']","['B13', 'B5']","['Cw7', 'Cw3']","['DR6', 'DR3']","['DQ1', 'DQ1']","['DQ1', 'DQ2']","['DP2', 'DP1']","['DP2', 'DP1']",Bw4/Bw4,[],0.0,0.41,,,
R0014,O,POS,Kidney,46,Tartu,Estonia,0,"['A*24', 'A*03']","['B*07', 'B*07']","['C*02', 'C*05']","['DRB1*04', 'DRB1*08']","['DQA1*01:01', 'DQA1*02:01']","['DQB1*03', 'DQB1*06']","['DPA1*01', 'DPA1*01']","['DPB1*03', 'DPB1*03']","['A9', 'A3']","['B7', 'B7']","['Cw2', 'Cw5']","['DR4', 'DR8']","['DQ1', 'DQ2']","['DQ3', 'DQ1']","['DP1', 'DP1']","['DP3', 'DP3']",Bw4/Bw6,"['A*11', 'B*46', 'DPB1*424', 'B*53']",0.0626,0.384334,,,
R0015,A,POS,Kidney,76,Oslo,Norway,0,"['A*01', 'A*01']","['B*37', 'B*18']","['C*05', 'C*06']","['DRB1*15', 'DRB1*03']","['DQA1*04:01', 'DQA1*01:03']","['DQB1*03', 'DQB1*04']","['DPA1*01', 'DPA1*01']","['DPB1*04', 'DPB1*04']","['A1', 'A1']","['B37', 'B18']","['Cw5', 'Cw6']","['DR2', 'DR3']","['DQ4', 'DQ1']","['DQ3', 'DQ4']","['DP1', 'DP1']","['DP4', 'DP4']",Bw4/Bw6,[],0.0,0.85,,,
R0016,A,POS,Kidney,70,Copenhagen,Denmark,0,"['A*03', 'A*02']","['B*44', 'B*44']","['C*07', 'C*06']","['DRB1*04', 'DRB1*04']","['DQA1*04:01', 'DQA1*01:02']","['DQB1*02', 'DQB1*02']","['DPA1*01', 'DPA1*01']","['DPB1*01', 'DPB1*04']","['A3', 'A2']","['B12', 'B12']","['Cw7', 'Cw6']","['DR4', 'DR4']","['DQ4', 'DQ1']","['DQ2', 'DQ2']","['DP1', 'DP1']","['DP1', 'DP4']",Bw4/Bw4,"['B*54', 'C*17', 'C*03', 'DRB1*07', 'DQA1*06:01', 'DPB1*24', 'C*04', 'C*18']",0.3954,0.51391,,,
R0017,O,POS,Kidney,48,Aarhus,Denmark,0,"['A*31', 'A*11']","['B*39', 'B*08']","['C*07', 'C*17']","['DRB1*09', 'DRB1*13']","['DQA1*03:01', 'DQA1*03:01']","['DQB1*03', 'DQB1*06']","['DPA1*02:02', 'DPA1*01']","['DPB1*04', 'DPB1*03']","['A19', 'A11']","['B16', 'B8']","['Cw7', 'Cw17']","['DR9', 'DR6']","['DQ3', 'DQ3']","['DQ3', 'DQ1']","['DP2', 'DP1']","['DP4', 'DP3']",Bw4/Bw4,[],0.0,0.41,,,
R0018,A,POS,Kidney,2,Oslo,Norway,0,"['A*03', 'A*03']","['B*44', 'B*40']","['C*12', 'C*07']","['DRB1*03', 'DRB1*04']","['DQA1*03:01', 'DQA1*02:01']","['DQB1*06', 'DQB1*05']","['DPA1*01', 'DPA1*01']","['DPB1*04', 'DPB1*02']","['A3', 'A3']","['B12', 'B40']","['Cw12', 'Cw7']","['DR3', 'DR4']","['DQ3', 'DQ2']","['DQ1', 'DQ1']","['DP1', 'DP1']","['DP4', 'DP2']",Bw4/Bw6,[],0.0,0.85,,,
R0019,O,POS,Kidney,41,Tartu,Estonia,0,"['A*01', 'A*01']","['B*14', 'B*15']","['C*07', 'C*15']","['DRB1*04', 'DRB1*15']","['DQA1*03:01', 'DQA1*02:01']","['DQB1*02', 'DQB1*03']","['DPA1*01', 'DPA1*01']","['DPB1*05', 'DPB1*03']","['A1', 'A1']","['B14', 'B15']","['Cw7', 'Cw15']","['DR4', 'DR2']","['DQ3', 'DQ2']","['DQ2', 'DQ3']","['DP1', 'DP1']","['DP5', 'DP3']",Bw4/Bw6,"['DPB1*11', 'A*32', 'DQB1*02', 'DPB1*09', 'B*50', 'DPB1*20', 'B*53', 'C*15', 'DQA1*04:01']",0.3167,0.280153,,,
R0020,AB,POS,Kidney,81,Oslo,Norway,0,"['A*23', 'A*30']","['B*15', 'B*15']","['C*07', 'C*03']","['DRB1*15', 'DRB1*14']","['DQA1*01:01', 'DQA1*03:01']","['DQB1*06', 'DQB1*03']","['DPA1*01', 'DPA1*01']","['DPB1*03', 'DPB1*04']","['A9', 'A19']","['B15', 'B15']","['Cw7', 'Cw3']","['DR2', 'DR6']","['DQ1', 'DQ3']","['DQ1', 'DQ3']","['DP1', 'DP1']","['DP3', 'DP4']",Bw6/Bw6,"['B*54', 'B*53', 'A*30', 'A*34']",0.012,0.988,,,
R0021,A,POS,Kidney,36,Skane,Sweden,0,"['A*24', 'A*68']","['B*15', 'B*07']","['C*07', 'C*05']","['DRB1*15', 'DRB1*08']","['DQA1*03:01', 'DQA1*02:01']","['DQB1*06', 'DQB1*02']","['DPA1*01', 'DPA1*01']","['DPB1*04', 'DPB1*04']","['A9', 'A28']","['B15', 'B7']","['Cw7', 'Cw5']","['DR2', 'DR8']","['DQ3', 'DQ2']","['DQ1', 'DQ2']","['DP1', 'DP1']","['DP4', 'DP4']",Bw4/Bw4,"['DRB1*16', 'DQA1*04:01', 'B*39']",0.0575,0.801125,,,
R0022,A,NEG,Kidney,12,Odense,Denmark,0,"['A*68', 'A*03']","['B*57', 'B*08']","['C*03', 'C*07']","['DRB1*09', 'DRB1*07']","['DQA1*03:01', 'DQA1*03:01']","['DQB1*06', 'DQB1*06']","['DPA1*01', 'DPA1*02:02']","['DPB1*03', 'DPB1*02']","['A28', 'A3']","['B17', 'B8']","['Cw3', 'Cw7']","['DR9', 'DR7']","['DQ3', 'DQ3']","['DQ1', 'DQ1']","['DP1', 'DP2']","['DP3', 'DP2']",Bw4/Bw6,"['DPB1*23', 'DQB1*02', 'DRB1*13', 'DQA1*03:01', 'B*52', 'B*13', 'DQA1*01:02', 'DPB1*14', 'B*42']",0.7796,0.18734000000000012,,,
R0023,O,POS,Kidney,55,Copenhagen,Denmark,0,"['A*03', 'A*02']","['B*07', 'B*07']","['C*03', 'C*02']","['DRB1*03', 'DRB1*09']","['DQA1*01:03', 'DQA1*01:01']","['DQB1*02', 'DQB1*06']","['DPA1*01', 'DPA1*01']","['DPB1*05', 'DPB1*03']","['A3', 'A2']","['B7', 'B7']","['Cw3', 'Cw2']","['DR3', 'DR9']","['DQ1', 'DQ1']","['DQ2', 'DQ1']","['DP1', 'DP1']","['DP5', 'DP3']",Bw6/Bw6,"['DRB1*01', 'DPB1*129', 'C*07', 'DPB1*31', 'DRB1*03', 'A*25', 'DRB1*16', 'DPB1*424', 'A*30']",0.6228,0.15465199999999998,,,
R0024,O,POS,Kidney,73,Helsinki,Finland,0,"['A*02', 'A*68']","['B*15', 'B*15']","['C*03', 'C*07']","['DRB1*01', 'DRB1*03']","['DQA1*03:01', 'DQA1*02:01']","['DQB1*03', 'DQB1*03']","['DPA1*01', 'DPA1*01']","['DPB1*02', 'DPB1*04']","['A2', 'A28']","['B15', 'B15']","['Cw3', 'Cw7']","['DR1', 'DR3']","['DQ3', 'DQ2']","['DQ3', 'DQ3']","['DP1', 'DP1']","['DP2', 'DP4']",Bw4/Bw4,"['DRB1*15', 'DRB1*12', 'DPB1*115', 'DPB1*17', 'DQB1*04', 'B*52', 'DQA1*01:01', 'DPB1*02', 'A*33']",0.4998,0.205082,,,
R0025,O,POS,Kidney,84,Reykjavik,Iceland,0,"['A*01', 'A*02']","['B*44', 'B*07']","['C*07', 'C*07']","['DRB1*14', 'DRB1*07']","['DQA1*01:01', 'DQA1*04:01']","['DQB1*03', 'DQB1*03']","['DPA1*01', 'DPA1*01']","['DPB1*03', 'DPB1*04']","['A1', 'A2']","['B12', 'B7']","['Cw7', 'Cw7']","['DR6', 'DR7']","['DQ1', 'DQ4']","['DQ3', 'DQ3']","['DP1', 'DP1']","['DP3', 'DP4']",Bw4/Bw6,"['DPB1*14', 'B*47', 'B*45', 'DPB1*10', 'A*66', 'DPB1*20', 'A*31', 'DPB1*31', 'DQB1*02']",0.264,0.30176,,,
R0026,A,NEG,Kidney,70,Helsinki,Finland,0,"['A*01', 'A*29']","['B*07', 'B*15']","['C*07', 'C*03']","['DRB1*04', 'DRB1*07']","['DQA1*01:02', 'DQA1*03:01']","['DQB1*03', 'DQB1*06']","['DPA1*01', 'DPA1*01']","['DPB1*04', 'DPB1*04']","['A1', 'A19']","['B7', 'B15']","['Cw7', 'Cw3']","['DR4', 'DR7']","['DQ1', 'DQ3']","['DQ3', 'DQ1']","['DP1', 'DP1']","['DP4', 'DP4']",Bw4/Bw4,"['C*07', 'B*42', 'C*12', 'A*68', 'A*69', 'B*58', 'DPA1*02:02', 'B*56', 'A*74']",0.5689,0.366435,,,
R0027,A,POS,Kidney,67,Aarhus,Denmark,0,"['A*03', 'A*24']","['B*14', 'B*07']","['C*05', 'C*06']","['DRB1*12', 'DRB1*03']","['DQA1*03:01', 'DQA1*05:01']","['DQB1*02', 'DQB1*03']","['DPA1*01', 'DPA1*01']","['DPB1*04', 'DPB1*04']","['A3', 'A9']","['B14', 'B7']","['Cw5', 'Cw6']","['DR5', 'DR3']","['DQ3', 'DQ1']","['DQ2', 'DQ3']","['DP1', 'DP1']","['DP4', 'DP4']",Bw4/Bw6,[],0.0,0.85,,,
R0028,A,POS,Kidney,69,Skane,Sweden,0,"['A*03', 'A*01']","['B*44', 'B*18']","['C*03', 'C*02']","['DRB1*15', 'DRB1*08']","['DQA1*01:02', 'DQA1*02:01']","['DQB1*06', 'DQB1*03']","['DPA1*01', 'DPA1*02:02']","['DPB1*01', 'DPB1*04']","['A3', 'A1']","['B12', 'B18']","['Cw3', 'Cw2']","['DR2', 'DR8']","['DQ1', 'DQ2']","['DQ1', 'DQ3']","['DP1', 'DP2']","['DP1', 'DP4']",Bw4/Bw6,[],0.0,0.85,,,
R0029,O,POS,Kidney,66,Oslo,Norway,0,"['A*03', 'A*02']","['B*50', 'B*27']","['C*06', 'C*03']","['DRB1*15', 'DRB1*03']","['DQA1*03:01', 'DQA1*01:02']","['DQB1*02', 'DQB1*03']","['DPA1*01', 'DPA1*01']","['DPB1*04', 'DPB1*02']","['A3', 'A2']","['B21', 'B27']","['Cw6', 'Cw3']","['DR2', 'DR3']","['DQ3', 'DQ1']","['DQ2', 'DQ3']","['DP1', 'DP1']","['DP4', 'DP2']",Bw4/Bw4,[],0.0,0.41,,,
R0030,B,POS,Kidney,68,Helsinki,Finland,0,"['A*01', 'A*02']","['B*07', 'B*18']","['C*17', 'C*07']","['DRB1*10', 'DRB1*01']","['DQA1*02:01', 'DQA1*01:03']","['DQB1*03', 'DQB1*02']","['DPA1*01', 'DPA1*01']","['DPB1*04', 'DPB1*04']","['A1', 'A2']","['B7', 'B18']","['Cw17', 'Cw7']","['DR10', 'DR1']","['DQ2', 'DQ1']","['DQ3', 'DQ2']","['DP1', 'DP1']","['DP4', 'DP4']",Bw6/Bw6,[],0.0,0.52,,,
R0031,A,NEG,Kidney,71,Gothenburg,Sweden,0,"['A*02', 'A*02']","['B*44', 'B*49']","['C*03', 'C*03']","['DRB1*11', 'DRB1*15']","['DQA1*04:01', 'DQA1*05:01']","['DQB1*02', 'DQB1*05']","['DPA1*01', 'DPA1*01']","['DPB1*04', 'DPB1*04']","['A2', 'A2']","['B12', 'B21']","['Cw3', 'Cw3']","['DR5', 'DR2']","['DQ4', 'DQ1']","['DQ2', 'DQ1']","['DP1', 'DP1']","['DP4', 'DP4']",Bw4/Bw4,[],0.0,0.85,,,
R0032,B,POS,Kidney,49,Helsinki,Finland,1,"['A*32', 'A*03']","['B*40', 'B*27']","['C*07', 'C*03']","['DRB1*03', 'DRB1*15']","['DQA1*05:01', 'DQA1*01:01']","['DQB1*05', 'DQB1*04']","['DPA1*01', 'DPA1*01']","['DPB1*04', 'DPB1*04']","['A19', 'A3']","['B40', 'B27']","['Cw7', 'Cw3']","['DR3', 'DR2']","['DQ1', 'DQ1']","['DQ1', 'DQ4']","['DP1', 'DP1']","['DP4', 'DP4']",Bw4/Bw4,"['DPB1*20', 'DRB1*15', 'A*23', 'DPB1*04', 'DQA1*01:01', 'DPB1*115', 'C*18', 'B*73']",0.8768,0.06406400000000005,,,
R0033,O,POS,Kidney,87,Uppsala,Sweden,1,"['A*26', 'A*24']","['B*51', 'B*07']","['C*17', 'C*07']","['DRB1*03', 'DRB1*01']","['DQA1*05:01', 'DQA1*01:03']","['DQB1*02', 'DQB1*02']","['DPA1*01', 'DPA1*01']","['DPB1*04', 'DPB1*04']","['A10', 'A9']","['B5', 'B7']","['Cw17', 'Cw7']","['DR3', 'DR1']","['DQ1', 'DQ1']","['DQ2', 'DQ2']","['DP1', 'DP1']","['DP4', 'DP4']",Bw6/Bw6,[],0.0,0.41,,,
R0034,O,POS,Kidney,46,Helsinki,Finland,1,"['A*02', 'A*02']","['B*44', 'B*40']","['C*04', 'C*01']","['DRB1*01', 'DRB1*15']","['DQA1*05:01', 'DQA1*03:01']","['DQB1*03', 'DQB1*05']","['DPA1*01', 'DPA1*01']","['DPB1*04', 'DPB1*04']","['A2', 'A2']","['B12', 'B40']","['Cw4', 'Cw1']","['DR1', 'DR2']","['DQ1', 'DQ3']","['DQ3', 'DQ1']","['DP1', 'DP1']","['DP4', 'DP4']",Bw4/Bw6,[],0.0,0.41,,,
R0035,B,POS,Kidney,84,Stockholm,Sweden,1,"['A*24', 'A*02']","['B*15', 'B*47']","['C*07', 'C*03']","['DRB1*01', 'DRB1*03']","['DQA1*01:02', 'DQA1*01:01']","['DQB1*06', 'DQB1*06']","['DPA1*01', 'DPA1*01']","['DPB1*03', 'DPB1*04']","['A9', 'A2']","['B15', 'B47']","['Cw7', 'Cw3']","['DR1', 'DR3']","['DQ1', 'DQ1']","['DQ1', 'DQ1']","['DP1', 'DP1']","['DP3', 'DP4']",Bw6/Bw6,[],0.0,0.52,,,
R0036,O,POS,Kidney,90,Helsinki,Finland,1,"['A*24', 'A*02']","['B*51', 'B*15']","['C*07', 'C*04']","['DRB1*15', 'DRB1*04']","['DQA1*03:01', 'DQA1*04:01']","['DQB1*02', 'DQB1*03']","['DPA1*01', 'DPA1*01']","['DPB1*03', 'DPB1*02']","['A9', 'A2']","['B5', 'B15']","['Cw7', 'Cw4']","['DR2', 'DR4']","['DQ3', 'DQ4']","['DQ2', 'DQ3']","['DP1', 'DP1']","['DP3', 'DP2']",Bw6/Bw6,[],0.0,0.41,,,
R0037,A,NEG,Kidney,73,Gothenburg,Sweden,1,"['A*02', 'A*01']","['B*35', 'B*40']","['C*07', 'C*12']","['DRB1*08', 'DRB1*03']","['DQA1*01:03', 'DQA1*01:02']","['DQB1*06', 'DQB1*06']","['DPA1*01', 'DPA1*01']","['DPB1*04', 'DPB1*04']","['A2', 'A1']","['B35', 'B40']","['Cw7', 'Cw12']","['DR8', 'DR3']","['DQ1', 'DQ1']","['DQ1', 'DQ1']","['DP1', 'DP1']","['DP4', 'DP4']",Bw6/Bw6,[],0.0,0.85,,,
R0038,A,POS,Kidney,30,Uppsala,Sweden,1,"['A*68', 'A*02']","['B*15', 'B*07']","['C*04', 'C*07']","['DRB1*15', 'DRB1*03']","['DQA1*01:03', 'DQA1*01:01']","['DQB1*03', 'DQB1*03']","['DPA1*01', 'DPA1*01']","['DPB1*04', 'DPB1*04']","['A28', 'A2']","['B15', 'B7']","['Cw4', 'Cw7']","['DR2', 'DR3']","['DQ1', 'DQ1']","['DQ3', 'DQ3']","['DP1', 'DP1']","['DP4', 'DP4']",Bw4/Bw6,[],0.0,0.85,,,
R0039,B,POS,Kidney,44,Skane,Sweden,1,"['A*01', 'A*03']","['B*37', 'B*15']","['C*17', 'C*07']","['DRB1*04', 'DRB1*07']","['DQA1*02:01', 'DQA1*02:01']","['DQB1*04', 'DQB1*02']","['DPA1*01', 'DPA1*01']","['DPB1*13', 'DPB1*04']","['A1', 'A3']","['B37', 'B15']","['Cw17', 'Cw7']","['DR4', 'DR7']","['DQ2', 'DQ2']","['DQ4', 'DQ2']","['DP1', 'DP1']","['DP13', 'DP4']",Bw4/Bw4,[],0.0,0.52,,,
R0040,O,POS,Kidney,81,Oslo,Norway,1,"['A*02', 'A*24']","['B*18', 'B*44']","['C*04', 'C*07']","['DRB1*04', 'DRB1*03']","['DQA1*02:01', 'DQA1*05:01']","['DQB1*02', 'DQB1*06']","['DPA1*01', 'DPA1*01']","['DPB1*04', 'DPB1*02']","['A2', 'A9']","['B18', 'B12']","['Cw4', 'Cw7']","['DR4', 'DR3']","['DQ2', 'DQ1']","['DQ2', 'DQ1']","['DP1', 'DP1']","['DP4', 'DP2']",Bw4/Bw4,[],0.0,0.41,,,
R0041,A,POS,Kidney,47,Uppsala,Sweden,1,"['A*03', 'A*03']","['B*57', 'B*40']","['C*01', 'C*03']","['DRB1*04', 'DRB1*04']","['DQA1*05:01', 'DQA1*01:03']","['DQB1*03', 'DQB1*03']","['DPA1*01', 'DPA1*01']","['DPB1*04', 'DPB1*06']","['A3', 'A3']","['B17', 'B40']","['Cw1', 'Cw3']","['DR4', 'DR4']","['DQ1', 'DQ1']","['DQ3', 'DQ3']","['DP1', 'DP1']","['DP4', 'DP6']",Bw4/Bw6,[],0.0,0.85,,,
R0042,A,POS,Kidney,81,Oslo,Norway,1,"['A*68', 'A*03']","['B*08', 'B*07']","['C*05', 'C*16']","['DRB1*15', 'DRB1*14']","['DQA1*01:01', 'DQA1*05:01']","['DQB1*05', 'DQB1*02']","['DPA1*01', 'DPA1*01']","['DPB1*02', 'DPB1*04']","['A28', 'A3']","['B8', 'B7']","['Cw5', 'Cw16']","['DR2', 'DR6']","['DQ1', 'DQ1']","['DQ1', 'DQ2']","['DP1', 'DP1']","['DP2', 'DP4']",Bw6/Bw6,"['B*41', 'DRB1*07', 'C*17', 'DQA1*04:01', 'DQA1*01:02', 'A*11', 'DQB1*02', 'B*58']",0.6108,0.33082000000000006,,,
R0043,O,POS,Kidney,72,Tartu,Estonia,1,"['A*02', 'A*11']","['B*44', 'B*15']","['C*08', 'C*05']","['DRB1*03', 'DRB1*03']","['DQA1*01:03', 'DQA1*01:01']","['DQB1*03', 'DQB1*05']","['DPA1*01', 'DPA1*01']","['DPB1*14', 'DPB1*04']","['A2', 'A11']","['B12', 'B15']","['Cw8', 'Cw5']","['DR3', 'DR3']","['DQ1', 'DQ1']","['DQ3', 'DQ1']","['DP1', 'DP1']","['DP14', 'DP4']",Bw4/Bw4,[],0.0,0.41,,,
R0044,O,POS,Kidney,46,Copenhagen,Denmark,1,"['A*25', 'A*23']","['B*08', 'B*35']","['C*07', 'C*07']","['DRB1*07', 'DRB1*07']","['DQA1*03:01', 'DQA1*03:01']","['DQB1*02', 'DQB1*03']","['DPA1*01', 'DPA1*01']","['DPB1*02', 'DPB1*04']","['A10', 'A9']","['B8', 'B35']","['Cw7', 'Cw7']","['DR7', 'DR7']","['DQ3', 'DQ3']","['DQ2', 'DQ3']","['DP1', 'DP1']","['DP2', 'DP4']",Bw4/Bw4,[],0.0,0.41,,,
R0045,O,POS,Kidney,73,Gothenburg,Sweden,1,"['A*11', 'A*25']","['B*44', 'B*44']","['C*03', 'C*07']","['DRB1*15', 'DRB1*04']","['DQA1*01:02', 'DQA1*01:02']","['DQB1*02', 'DQB1*03']","['DPA1*01', 'DPA1*01']","['DPB1*04', 'DPB1*04']","['A11', 'A10']","['B12', 'B12']","['Cw3', 'Cw7']","['DR2', 'DR4']","['DQ1', 'DQ1']","['DQ2', 'DQ3']","['DP1', 'DP1']","['DP4', 'DP4']",Bw6/Bw6,[],0.0,0.41,,,
R0046,A,POS,Kidney,54,Uppsala,Sweden,1,"['A*29', 'A*02']","['B*40', 'B*37']","['C*04', 'C*07']","['DRB1*15', 'DRB1*03']","['DQA1*04:01', 'DQA1*01:02']","['DQB1*05', 'DQB1*03']","['DPA1*02:02', 'DPA1*01']","['DPB1*04', 'DPB1*04']","['A19', 'A2']","['B40', 'B37']","['Cw4', 'Cw7']","['DR2', 'DR3']","['DQ4', 'DQ1']","['DQ1', 'DQ3']","['DP2', 'DP1']","['DP4', 'DP4']",Bw4/Bw4,"['A*02', 'DQB1*02', 'B*48', 'B*39', 'DPB1*424', 'C*07']",0.8829,0.09953500000000017,,,
R0047,B,POS,Kidney,87,Aarhus,Denmark,1,"['A*68', 'A*02']","['B*07', 'B*07']","['C*08', 'C*07']","['DRB1*15', 'DRB1*03']","['DQA1*05:01', 'DQA1*05:01']","['DQB1*02', 'DQB1*06']","['DPA1*01', 'DPA1*01']","['DPB1*04', 'DPB1*04']","['A28', 'A2']","['B7', 'B7']","['Cw8', 'Cw7']","['DR2', 'DR3']","['DQ1', 'DQ1']","['DQ2', 'DQ1']","['DP1', 'DP1']","['DP4', 'DP4']",Bw6/Bw6,"['DPB1*11', 'DQA1*04:01', 'C*01', 'B*45', 'DPB1*14', 'DPB1*17', 'A*23', 'B*08']",0.2613,0.384124,,,
R0048,O,POS,Kidney,49,Uppsala,Sweden,1,"['A*02', 'A*11']","['B*51', 'B*15']","['C*03', 'C*07']","['DRB1*08', 'DRB1*04']","['DQA1*05:01', 'DQA1*05:01']","['DQB1*06', 'DQB1*04']","['DPA1*01', 'DPA1*01']","['DPB1*04', 'DPB1*04']","['A2', 'A11']","['B5', 'B15']","['Cw3', 'Cw7']","['DR8', 'DR4']","['DQ1', 'DQ1']","['DQ1', 'DQ4']","['DP1', 'DP1']","['DP4', 'DP4']",Bw4/Bw4,[],0.0,0.41,,,
R0049,A,POS,Kidney,61,Uppsala,Sweden,1,"['A*31', 'A*01']","['B*44', 'B*44']","['C*16', 'C*01']","['DRB1*04', 'DRB1*04']","['DQA1*03:01', 'DQA1*04:01']","['DQB1*06', 'DQB1*03']","['DPA1*01', 'DPA1*01']","['DPB1*04', 'DPB1*04']","['A19', 'A1']","['B12', 'B12']","['Cw16', 'Cw1']","['DR4', 'DR4']","['DQ3', 'DQ4']","['DQ1', 'DQ3']","['DP1', 'DP1']","['DP4', 'DP4']",Bw6/Bw6,[],0.0,0.85,,,
