TIMESTEP,ORGAN_ID,ORGAN_TYPE,EXCHANGE_OBLIGATION,PRIORITY_GROUP,DONOR_DONORNUMBER,DONOR_ABO_BLOOD_GROUP,DONOR_RHESUS_CODE,DONOR_GRAFT_TYPE,DONOR_AGE,DONOR_CITY,DONOR_COUNTRY,DONOR_TIMESTEP_ENTERED,DONOR_Genomic_HLA-A,DONOR_Genomic_HLA-B,DONOR_Genomic_HLA-C,DONOR_Genomic_HLA-DRB1,DONOR_Genomic_HLA-DQA1,DONOR_Genomic_HLA-DQB1,DONOR_Genomic_HLA-DPA1,DONOR_Genomic_HLA-DPB1,DONOR_Serologic_HLA-A,DONOR_Serologic_HLA-B,DONOR_Serologic_HLA-C,DONOR_Serologic_HLA-DRB1,DONOR_Serologic_HLA-DQA1,DONOR_Serologic_HLA-DQB1,DONOR_Serologic_HLA-DPA1,DONOR_Serologic_HLA-DPB1,DONOR_Calculated Bw4/BW6,DONOR_Notes,RECIPIENT_RECIPIENTNUMBER,RECIPIENT_ABO_BLOOD_GROUP,RECIPIENT_RHESUS_CODE,RECIPIENT_ORGAN,RECIPIENT_AGE,RECIPIENT_CITY,RECIPIENT_COUNTRY,RECIPIENT_TIMESTEP_ENTERED,RECIPIENT_Genomic_HLA-A,RECIPIENT_Genomic_HLA-B,RECIPIENT_Genomic_HLA-C,RECIPIENT_Genomic_HLA-DRB1,RECIPIENT_Genomic_HLA-DQA1,RECIPIENT_Genomic_HLA-DQB1,RECIPIENT_Genomic_HLA-DPA1,RECIPIENT_Genomic_HLA-DPB1,RECIPIENT_Serologic_HLA-A,RECIPIENT_Serologic_HLA-B,RECIPIENT_Serologic_HLA-C,RECIPIENT_Serologic_HLA-DRB1,RECIPIENT_Serologic_HLA-DQA1,RECIPIENT_Serologic_HLA-DQB1,RECIPIENT_Serologic_HLA-DPA1,RECIPIENT_Serologic_HLA-DPB1,RECIPIENT_Calculated Bw4/BW6,RECIPIENT_HLA_antibodies,RECIPIENT_cPRA,RECIPIENT_TS,RECIPIENT_Notes,RECIPIENT_DRB1_mismatches,RECIPIENT_AB_mismatches,DRB1_mismatches,AB_mismatches,Mismatch_score,Distance,Distance_score,Equity_score,Equity_scaled,Score
1,D0000_LK,kidney,False,AllocationPriority.LOCAL,D0000,O,POS,KD,76,Copenhagen,Denmark,1,"['A*01', 'A*24']","['B*27', 'B*35']","['C*04', 'C*03']","['DRB1*13', 'DRB1*11']","['DQA1*02:01', 'DQA1*01:02']","['DQB1*03', 'DQB1*06']","['DPA1*02:02', 'DPA1*01']","['DPB1*04', 'DPB1*02']","['A1', 'A9']","['B27', 'B35']","['Cw4', 'Cw3']","['DR6', 'DR5']","['DQ2', 'DQ1']","['DQ3', 'DQ1']","['DP2', 'DP1']","['DP4', 'DP2']",Bw4/Bw4,nan,R2094,O,POS,Kidney,76,Copenhagen,Denmark,0,"['A*31', 'A*01']","['B*44', 'B*35']","['C*07', 'C*03']","['DRB1*13', 'DRB1*11']","['DQA1*01:02', 'DQA1*01:01']","['DQB1*06', 'DQB1*04']","['DPA1*01', 'DPA1*01']","['DPB1*04', 'DPB1*04']","['A19', 'A1']","['B12', 'B35']","['Cw7', 'Cw3']","['DR6', 'DR5']","['DQ1', 'DQ1']","['DQ1', 'DQ4']","['DP1', 'DP1']","['DP4', 'DP4']",Bw4/Bw4,[],0.0,0.41,nan,0,2
1,D0001_LK,kidney,False,AllocationPriority.LOCAL,D0001,A,POS,KD,37,Uppsala,Sweden,1,"['A*01', 'A*68']","['B*27', 'B*14']","['C*06', 'C*04']","['DRB1*15', 'DRB1*04']","['DQA1*03:01', 'DQA1*03:01']","['DQB1*02', 'DQB1*06']","['DPA1*01', 'DPA1*01']","['DPB1*04', 'DPB1*04']","['A1', 'A28']","['B27', 'B14']","['Cw6', 'Cw4']","['DR2', 'DR4']","['DQ3', 'DQ3']","['DQ2', 'DQ1']","['DP1', 'DP1']","['DP4', 'DP4']",Bw4/Bw6,nan,R0104,AB,POS,Kidney,68,Uppsala,Sweden,0,"['A*01', 'A*03']","['B*07', 'B*07']","['C*07', 'C*12']","['DRB1*11', 'DRB1*01']","['DQA1*05:01', 'DQA1*01:01']","['DQB1*03', 'DQB1*06']","['DPA1*01', 'DPA1*01']","['DPB1*03', 'DPB1*04']","['A1', 'A3']","['B7', 'B7']","['Cw7', 'Cw12']","['DR5', 'DR1']","['DQ1', 'DQ1']","['DQ3', 'DQ1']","['DP1', 'DP1']","['DP3', 'DP4']",Bw6/Bw6,"['B*42', 'DRB1*12', 'C*15', 'DQA1*05:01', 'B*41', 'B*40', 'C*07', 'DPB1*11', 'C*03']",0.9644,0.0356,nan
1,D0000_RK,kidney,True,AllocationPriority.PRIORITY_7,D0000,O,POS,KD,76,Copenhagen,Denmark,1,"['A*01', 'A*24']","['B*27', 'B*35']","['C*04', 'C*03']","['DRB1*13', 'DRB1*11']","['DQA1*02:01', 'DQA1*01:02']","['DQB1*03', 'DQB1*06']","['DPA1*02:02', 'DPA1*01']","['DPB1*04', 'DPB1*02']","['A1', 'A9']","['B27', 'B35']","['Cw4', 'Cw3']","['DR6', 'DR5']","['DQ2', 'DQ1']","['DQ3', 'DQ1']","['DP2', 'DP1']","['DP4', 'DP2']",Bw4/Bw4,nan,R0167,O,POS,Kidney,68,Skane,Sweden,0,"['A*24', 'A*02']","['B*27', 'B*35']","['C*14', 'C*07']","['DRB1*01', 'DRB1*13']","['DQA1*03:01', 'DQA1*04:01']","['DQB1*06', 'DQB1*06']","['DPA1*01', 'DPA1*01']","['DPB1*04', 'DPB1*04']","['A9', 'A2']","['B27', 'B35']","['Cw14', 'Cw7']","['DR1', 'DR6']","['DQ3', 'DQ4']","['DQ1', 'DQ1']","['DP1', 'DP1']","['DP4', 'DP4']",Bw4/Bw4,"['DPB1*424', 'A*66', 'A*74', 'B*08', 'B*46', 'DPB1*17', 'B*58', 'DPB1*13', 'DRB1*08']",0.1975,0.3290249999999999,nan,1,1,2,28.452846136850336,0.6666666666666667,0.9947718021353811,517.7909361771153
1,D0001_RK,kidney,True,AllocationPriority.PRIORITY_7,D0001,A,POS,KD,37,Uppsala,Sweden,1,"['A*01', 'A*68']","['B*27', 'B*14']","['C*06', 'C*04']","['DRB1*15', 'DRB1*04']","['DQA1*03:01', 'DQA1*03:01']","['DQB1*02', 'DQB1*06']","['DPA1*01', 'DPA1*01']","['DPB1*04', 'DPB1*04']","['A1', 'A28']","['B27', 'B14']","['Cw6', 'Cw4']","['DR2', 'DR4']","['DQ3', 'DQ3']","['DQ2', 'DQ1']","['DP1', 'DP1']","['DP4', 'DP4']",Bw4/Bw6,nan,R0183,A,POS,Kidney,59,Uppsala,Sweden,0,"['A*01', 'A*01']","['B*14', 'B*40']","['C*07', 'C*04']","['DRB1*13', 'DRB1*04']","['DQA1*05:01', 'DQA1*02:01']","['DQB1*02', 'DQB1*03']","['DPA1*01', 'DPA1*01']","['DPB1*04', 'DPB1*04']","['A1', 'A1']","['B14', 'B40']","['Cw7', 'Cw4']","['DR6', 'DR4']","['DQ1', 'DQ2']","['DQ2', 'DQ3']","['DP1', 'DP1']","['DP4', 'DP4']",Bw6/Bw6,"['A*24', 'B*51', 'C*05', 'DRB1*04', 'B*07', 'DPB1*51', 'DQB1*03', 'B*37']",0.9057,0.0801549999999999,nan,1,2,3,0.0,0.5,1.0,515.5346610189343
2,D0002_LK,kidney,False,AllocationPriority.LOCAL,D0002,A,POS,KD,58,Helsinki,Finland,2,"['A*32', 'A*02']","['B*07', 'B*56']","['C*04', 'C*03']","['DRB1*03', 'DRB1*04']","['DQA1*01:02', 'DQA1*01:02']","['DQB1*02', 'DQB1*05']","['DPA1*01', 'DPA1*01']","['DPB1*04', 'DPB1*02']","['A19', 'A2']","['B7', 'B22']","['Cw4', 'Cw3']","['DR3', 'DR4']","['DQ1', 'DQ1']","['DQ2', 'DQ1']","['DP1', 'DP1']","['DP4', 'DP2']",Bw4/Bw6,nan,R1086,A,POS,Kidney,69,Helsinki,Finland,0,"['A*32', 'A*02']","['B*07', 'B*35']","['C*07', 'C*07']","['DRB1*04', 'DRB1*03']","['DQA1*02:01', 'DQA1*03:01']","['DQB1*05', 'DQB1*06']","['DPA1*01', 'DPA1*01']","['DPB1*04', 'DPB1*04']","['A19', 'A2']","['B7', 'B35']","['Cw7', 'Cw7']","['DR4', 'DR3']","['DQ2', 'DQ3']","['DQ1', 'DQ1']","['DP1', 'DP1']","['DP4', 'DP4']",Bw4/Bw6,[],0.0,0.85,nan,0,1
2,D0002_RK,kidney,True,AllocationPriority.PRIORITY_7,D0002,A,POS,KD,58,Helsinki,Finland,2,"['A*32', 'A*02']","['B*07', 'B*56']","['C*04', 'C*03']","['DRB1*03', 'DRB1*04']","['DQA1*01:02', 'DQA1*01:02']","['DQB1*02', 'DQB1*05']","['DPA1*01', 'DPA1*01']","['DPB1*04', 'DPB1*02']","['A19', 'A2']","['B7', 'B22']","['Cw4', 'Cw3']","['DR3', 'DR4']","['DQ1', 'DQ1']","['DQ2', 'DQ1']","['DP1', 'DP1']","['DP4', 'DP2']",Bw4/Bw6,nan,R0308,A,POS,Kidney,62,Helsinki,Finland,0,"['A*02', 'A*02']","['B*15', 'B*07']","['C*04', 'C*03']","['DRB1*04', 'DRB1*03']","['DQA1*01:02', 'DQA1*01:03']","['DQB1*06', 'DQB1*05']","['DPA1*02:02', 'DPA1*01']","['DPB1*03', 'DPB1*15']","['A2', 'A2']","['B15', 'B7']","['Cw4', 'Cw3']","['DR4', 'DR3']","['DQ1', 'DQ1']","['DQ1', 'DQ1']","['DP2', 'DP1']","['DP3', 'DP15']",Bw4/Bw6,"['DRB1*03', 'A*23', 'B*50', 'DPB1*03', 'DQB1*04', 'C*12', 'B*58', 'DPB1*115', 'DPB1*26']",0.3436,0.55794,nan,0,2,2,0.0,0.6666666666666667,1.0,520.4097889900466
3,D0003_LK,kidney,False,AllocationPriority.LOCAL,D0003,O,POS,KD,47,Gothenburg,Sweden,3,"['A*03', 'A*03']","['B*07', 'B*55']","['C*07', 'C*07']","['DRB1*09', 'DRB1*04']","['DQA1*03:01', 'DQA1*03:01']","['DQB1*04', 'DQB1*03']","['DPA1*01', 'DPA1*01']","['DPB1*04', 'DPB1*04']","['A3', 'A3']","['B7', 'B22']","['Cw7', 'Cw7']","['DR9', 'DR4']","['DQ3', 'DQ3']","['DQ4', 'DQ3']","['DP1', 'DP1']","['DP4', 'DP4']",Bw6/Bw6,nan,R0156,O,NEG,Kidney,74,Gothenburg,Sweden,0,"['A*03', 'A*29']","['B*49', 'B*44']","['C*05', 'C*07']","['DRB1*03', 'DRB1*07']","['DQA1*05:01', 'DQA1*05:01']","['DQB1*02', 'DQB1*04']","['DPA1*01', 'DPA1*01']","['DPB1*04', 'DPB1*05']","['A3', 'A19']","['B21', 'B12']","['Cw5', 'Cw7']","['DR3', 'DR7']","['DQ1', 'DQ1']","['DQ2', 'DQ4']","['DP1', 'DP1']","['DP4', 'DP5']",Bw6/Bw6,"['B*58', 'B*40', 'B*51', 'A*02', 'DRB1*03', 'A*26', 'C*17', 'DPB1*17', 'DQA1*05:01']",0.8753,0.051127,nan
3,D0004_LK,kidney,False,AllocationPriority.LOCAL,D0004,O,POS,KD,42,Helsinki,Finland,3,"['A*29', 'A*02']","['B*15', 'B*15']","['C*03', 'C*03']","['DRB1*15', 'DRB1*07']","['DQA1*03:01', 'DQA1*01:02']","['DQB1*02', 'DQB1*03']","['DPA1*01', 'DPA1*01']","['DPB1*09', 'DPB1*04']","['A19', 'A2']","['B15', 'B15']","['Cw3', 'Cw3']","['DR2', 'DR7']","['DQ3', 'DQ1']","['DQ2', 'DQ3']","['DP1', 'DP1']","['DP9', 'DP4']",Bw6/Bw6,nan,R1620,A,POS,Kidney,80,Helsinki,Finland,0,"['A*24', 'A*11']","['B*15', 'B*15']","['C*04', 'C*03']","['DRB1*04', 'DRB1*09']","['DQA1*01:02', 'DQA1*05:01']","['DQB1*03', 'DQB1*03']","['DPA1*02:02', 'DPA1*01']","['DPB1*02', 'DPB1*03']","['A9', 'A11']","['B15', 'B15']","['Cw4', 'Cw3']","['DR4', 'DR9']","['DQ1', 'DQ1']","['DQ3', 'DQ3']","['DP2', 'DP1']","['DP2', 'DP3']",Bw6/Bw6,"['DQB1*06', 'B*49', 'DPB1*129', 'DRB1*04', 'C*07', 'C*17', 'C*01', 'C*18', 'B*42']",0.9082,0.0780299999999999,nan
3,D0003_RK,kidney,True,AllocationPriority.PRIORITY_7,D0003,O,POS,KD,47,Gothenburg,Sweden,3,"['A*03', 'A*03']","['B*07', 'B*55']","['C*07', 'C*07']","['DRB1*09', 'DRB1*04']","['DQA1*03:01', 'DQA1*03:01']","['DQB1*04', 'DQB1*03']","['DPA1*01', 'DPA1*01']","['DPB1*04', 'DPB1*04']","['A3', 'A3']","['B7', 'B22']","['Cw7', 'Cw7']","['DR9', 'DR4']","['DQ3', 'DQ3']","['DQ4', 'DQ3']","['DP1', 'DP1']","['DP4', 'DP4']",Bw6/Bw6,nan,R1121,O,POS,Kidney,71,Gothenburg,Sweden,0,"['A*03', 'A*01']","['B*27', 'B*07']","['C*08', 'C*06']","['DRB1*04', 'DRB1*15']","['DQA1*01:01', 'DQA1*03:01']","['DQB1*03', 'DQB1*06']","['DPA1*01', 'DPA1*02:02']","['DPB1*04', 'DPB1*04']","['A3', 'A1']","['B27', 'B7']","['Cw8', 'Cw6']","['DR4', 'DR2']","['DQ1', 'DQ3']","['DQ3', 'DQ1']","['DP1', 'DP2']","['DP4', 'DP4']",Bw4/Bw6,"['A*11', 'C*17', 'B*45', 'B*53', 'DPB1*15', 'DPB1*06', 'DRB1*10', 'B*56', 'A*29']",0.1256,0.358504,nan,1,1,2,0.0,0.6666666666666667,1.0,520.4097889900466
3,D0004_RK,kidney,True,AllocationPriority.PRIORITY_7,D0004,O,POS,KD,42,Helsinki,Finland,3,"['A*29', 'A*02']","['B*15', 'B*15']","['C*03', 'C*03']","['DRB1*15', 'DRB1*07']","['DQA1*03:01', 'DQA1*01:02']","['DQB1*02', 'DQB1*03']","['DPA1*01', 'DPA1*01']","['DPB1*09', 'DPB1*04']","['A19', 'A2']","['B15', 'B15']","['Cw3', 'Cw3']","['DR2', 'DR7']","['DQ3', 'DQ1']","['DQ2', 'DQ3']","['DP1', 'DP1']","['DP9', 'DP4']",Bw6/Bw6,nan,R0146,O,POS,Kidney,66,Helsinki,Finland,0,"['A*02', 'A*32']","['B*15', 'B*08']","['C*01', 'C*07']","['DRB1*15', 'DRB1*14']","['DQA1*01:02', 'DQA1*03:01']","['DQB1*02', 'DQB1*06']","['DPA1*02:02', 'DPA1*01']","['DPB1*04', 'DPB1*01']","['A2', 'A19']","['B15', 'B8']","['Cw1', 'Cw7']","['DR2', 'DR6']","['DQ1', 'DQ3']","['DQ2', 'DQ1']","['DP2', 'DP1']","['DP4', 'DP1']",Bw4/Bw4,[],0.0,0.41,nan,1,1,2,0.0,0.6666666666666667,1.0,520.4097889900466
4,D0005_LK,kidney,False,AllocationPriority.LOCAL,D0005,O,POS,KD,34,Aarhus,Denmark,4,"['A*03', 'A*01']","['B*15', 'B*08']","['C*07', 'C*16']","['DRB1*15', 'DRB1*01']","['DQA1*01:03', 'DQA1*04:01']","['DQB1*06', 'DQB1*04']","['DPA1*02:02', 'DPA1*01']","['DPB1*14', 'DPB1*03']","['A3', 'A1']","['B15', 'B8']","['Cw7', 'Cw16']","['DR2', 'DR1']","['DQ1', 'DQ4']","['DQ1', 'DQ4']","['DP2', 'DP1']","['DP14', 'DP3']",Bw4/Bw6,nan,R0754,O,NEG,Kidney,17,Aarhus,Denmark,0,"['A*31', 'A*68']","['B*27', 'B*07']","['C*03', 'C*07']","['DRB1*01', 'DRB1*15']","['DQA1*01:02', 'DQA1*02:01']","['DQB1*03', 'DQB1*04']","['DPA1*01', 'DPA1*01']","['DPB1*04', 'DPB1*04']","['A19', 'A28']","['B27', 'B7']","['Cw3', 'Cw7']","['DR1', 'DR2']","['DQ1', 'DQ2']","['DQ3', 'DQ4']","['DP1', 'DP1']","['DP4', 'DP4']",Bw4/Bw4,[],0.0,0.41,nan,0,4
4,D0006_LK,kidney,False,AllocationPriority.PAYBACK,D0006,A,POS,KD,53,Helsinki,Finland,4,"['A*31', 'A*68']","['B*08', 'B*35']","['C*07', 'C*03']","['DRB1*09', 'DRB1*07']","['DQA1*05:01', 'DQA1*01:02']","['DQB1*02', 'DQB1*02']","['DPA1*02:02', 'DPA1*01']","['DPB1*04', 'DPB1*05']","['A19', 'A28']","['B8', 'B35']","['Cw7', 'Cw3']","['DR9', 'DR7']","['DQ1', 'DQ1']","['DQ2', 'DQ2']","['DP2', 'DP1']","['DP4', 'DP5']",Bw4/Bw6,nan,R0325,A,POS,Kidney,87,Uppsala,Sweden,0,"['A*24', 'A*02']","['B*35', 'B*40']","['C*04', 'C*12']","['DRB1*07', 'DRB1*09']","['DQA1*01:02', 'DQA1*01:02']","['DQB1*04', 'DQB1*04']","['DPA1*01', 'DPA1*01']","['DPB1*04', 'DPB1*02']","['A9', 'A2']","['B35', 'B40']","['Cw4', 'Cw12']","['DR7', 'DR9']","['DQ1', 'DQ1']","['DQ4', 'DQ4']","['DP1', 'DP1']","['DP4', 'DP2']",Bw4/Bw6,[],0.0,0.85,nan,0,3
4,D0005_RK,kidney,True,AllocationPriority.PRIORITY_1,D0005,O,POS,KD,34,Aarhus,Denmark,4,"['A*03', 'A*01']","['B*15', 'B*08']","['C*07', 'C*16']","['DRB1*15', 'DRB1*01']","['DQA1*01:03', 'DQA1*04:01']","['DQB1*06', 'DQB1*04']","['DPA1*02:02', 'DPA1*01']","['DPB1*14', 'DPB1*03']","['A3', 'A1']","['B15', 'B8']","['Cw7', 'Cw16']","['DR2', 'DR1']","['DQ1', 'DQ4']","['DQ1', 'DQ4']","['DP2', 'DP1']","['DP14', 'DP3']",Bw4/Bw6,nan,R1676,O,POS,Kidney,64,Reykjavik,Iceland,0,"['A*24', 'A*11']","['B*51', 'B*37']","['C*05', 'C*07']","['DRB1*04', 'DRB1*13']","['DQA1*01:01', 'DQA1*05:01']","['DQB1*03', 'DQB1*06']","['DPA1*01', 'DPA1*01']","['DPB1*04', 'DPB1*02']","['A9', 'A11']","['B5', 'B37']","['Cw5', 'Cw7']","['DR4', 'DR6']","['DQ1', 'DQ1']","['DQ3', 'DQ1']","['DP1', 'DP1']","['DP4', 'DP2']",Bw6/Bw6,"['DPB1*31', 'DPB1*26', 'DPB1*04', 'A*02', 'B*57', 'C*02']",0.9701,0.012259,nan
4,D0006_RK,kidney,True,AllocationPriority.PRIORITY_7,D0006,A,POS,KD,53,Helsinki,Finland,4,"['A*31', 'A*68']","['B*08', 'B*35']","['C*07', 'C*03']","['DRB1*09', 'DRB1*07']","['DQA1*05:01', 'DQA1*01:02']","['DQB1*02', 'DQB1*02']","['DPA1*02:02', 'DPA1*01']","['DPB1*04', 'DPB1*05']","['A19', 'A28']","['B8', 'B35']","['Cw7', 'Cw3']","['DR9', 'DR7']","['DQ1', 'DQ1']","['DQ2', 'DQ2']","['DP2', 'DP1']","['DP4', 'DP5']",Bw4/Bw6,nan,R0039,A,NEG,Kidney,72,Helsinki,Finland,0,"['A*68', 'A*02']","['B*07', 'B*08']","['C*07', 'C*02']","['DRB1*15', 'DRB1*07']","['DQA1*01:02', 'DQA1*05:01']","['DQB1*06', 'DQB1*02']","['DPA1*02:02', 'DPA1*01']","['DPB1*04', 'DPB1*04']","['A28', 'A2']","['B7', 'B8']","['Cw7', 'Cw2']","['DR2', 'DR7']","['DQ1', 'DQ1']","['DQ1', 'DQ2']","['DP2', 'DP1']","['DP4', 'DP4']",Bw6/Bw6,[],0.0,0.85,nan,1,2,3,0.0,0.5,1.0,515.5346610189343
5,D0007_LK,kidney,False,AllocationPriority.LOCAL,D0007,A,POS,KD,89,Helsinki,Finland,5,"['A*25', 'A*02']","['B*15', 'B*07']","['C*07', 'C*07']","['DRB1*04', 'DRB1*03']","['DQA1*03:01', 'DQA1*03:01']","['DQB1*06', 'DQB1*03']","['DPA1*01', 'DPA1*01']","['DPB1*01', 'DPB1*19']","['A10', 'A2']","['B15', 'B7']","['Cw7', 'Cw7']","['DR4', 'DR3']","['DQ3', 'DQ3']","['DQ1', 'DQ3']","['DP1', 'DP1']","['DP1', 'DP19']",Bw4/Bw4,nan,R0735,A,POS,Kidney,84,Helsinki,Finland,0,"['A*26', 'A*02']","['B*44', 'B*27']","['C*07', 'C*03']","['DRB1*04', 'DRB1*03']","['DQA1*02:01', 'DQA1*05:01']","['DQB1*03', 'DQB1*03']","['DPA1*02:02', 'DPA1*01']","['DPB1*04', 'DPB1*04']","['A10', 'A2']","['B12', 'B27']","['Cw7', 'Cw3']","['DR4', 'DR3']","['DQ2', 'DQ1']","['DQ3', 'DQ3']","['DP2', 'DP1']","['DP4', 'DP4']",Bw6/Bw6,[],0.0,0.85,nan,0,2
5,D0008_LK,kidney,False,AllocationPriority.LOCAL,D0008,A,POS,KD,17,Uppsala,Sweden,5,"['A*31', 'A*02']","['B*07', 'B*14']","['C*07', 'C*05']","['DRB1*15', 'DRB1*07']","['DQA1*01:01', 'DQA1*05:01']","['DQB1*05', 'DQB1*04']","['DPA1*01', 'DPA1*01']","['DPB1*01', 'DPB1*04']","['A19', 'A2']","['B7', 'B14']","['Cw7', 'Cw5']","['DR2', 'DR7']","['DQ1', 'DQ1']","['DQ1', 'DQ4']","['DP1', 'DP1']","['DP1', 'DP4']",Bw4/Bw6,nan,R1230,A,POS,Kidney,84,Uppsala,Sweden,0,"['A*02', 'A*66']","['B*07', 'B*51']","['C*01', 'C*07']","['DRB1*15', 'DRB1*07']","['DQA1*04:01', 'DQA1*05:01']","['DQB1*04', 'DQB1*06']","['DPA1*01', 'DPA1*01']","['DPB1*03', 'DPB1*03']","['A2', 'A10']","['B7', 'B5']","['Cw1', 'Cw7']","['DR2', 'DR7']","['DQ4', 'DQ1']","['DQ4', 'DQ1']","['DP1', 'DP1']","['DP3', 'DP3']",Bw4/Bw4,[],0.0,0.85,nan,0,2
